Supplier_ID,Supplier_Name
67-272-8844,Browsetype
57-774-4116,Tagcat
01-801-9502,Vidoo
65-611-4749,Devcast
81-694-0300,Topicware
33-898-6242,Realbridge
19-978-0708,Oloo
59-979-6740,Brightdog
89-976-4338,Zoombox
23-482-0516,Layo
29-112-1577,Trilia
26-730-0925,Devshare
72-024-1595,Quinu
41-881-1166,Rhyloo
53-749-6148,Topdrive
87-159-6467,Voolith
36-780-8625,Mydo
84-090-6472,Yodo
35-906-1010,Jabbersphere
81-276-8218,Jaxworks
43-679-7350,Lajo
57-133-8386,Skinte
16-869-7328,Omba
85-594-2570,Topdrive
07-500-2023,Eimbee
28-461-1136,Youopia
01-431-7544,Yodoo
07-754-2313,Topiclounge
82-995-0739,BlogXS
41-399-9203,Reallinks
69-928-4929,Bubblemix
49-590-1752,Quaxo
15-444-8224,Flipopia
71-467-4910,Babbleset
61-755-4469,Digitube
04-456-0715,Abatz
57-202-5756,Dazzlesphere
49-559-7092,Shuffledrive
82-737-6019,Devshare
06-151-9076,Bluezoom
14-009-8505,Feedfire
90-534-2165,Flipbug
38-790-7081,Skinix
49-247-1217,Lazz
82-930-7733,Miboo
42-361-6981,Quimm
13-109-8639,Katz
47-687-2255,Katz
03-615-0558,Reallinks
63-924-5144,Omba
26-213-7885,Photofeed
70-212-0990,Gigaclub
57-473-8672,Shuffledrive
91-788-3177,Feedfire
61-382-5182,Blogpad
78-459-1417,Gevee
52-012-3409,Skinix
24-576-3402,Topicblab
80-833-3051,Yakitri
30-820-2883,Voolia
23-274-3305,Lazz
54-470-2479,Feedmix
20-257-6927,Avamba
34-850-0377,Devbug
67-404-3362,Skyndu
62-979-5038,Babbleopia
38-310-4533,Omba
60-386-5077,Eayo
79-366-7207,Zoombeat
78-644-5877,Demimbu
34-667-8907,Thoughtbridge
34-315-1199,Youbridge
80-863-1186,Riffwire
60-038-7810,Roomm
31-628-6696,Jabbersphere
79-915-4185,Brainverse
28-837-4164,Blogtag
88-428-6227,Photobean
29-567-3732,Skyvu
65-068-1200,Gigashots
65-403-0311,Feedmix
48-884-5431,Feedbug
87-032-6971,Kanoodle
64-800-4141,BlogXS
04-854-7165,Digitube
86-441-7850,Skalith
66-832-1802,Browsetype
59-629-0798,Chatterpoint
49-762-8263,Skibox
88-418-3855,Jatri
63-836-1262,Talane
52-062-2916,Kanoodle
28-521-7083,Centizu
10-038-3988,Edgeify
38-643-1626,Omba
67-024-9832,LiveZ
91-589-9007,Devshare
51-666-7174,Skipfire
41-644-3129,Wordtune
50-214-3802,Meembee
96-215-2767,Lajo
57-633-6273,Vimbo
56-231-2524,Wordpedia
39-339-3869,Bubblemix
17-167-4304,Livetube
56-965-0404,Brightbean
15-739-5480,Tagfeed
43-979-2253,Dabjam
95-944-5323,Browsetype
17-494-5505,Dabjam
40-180-0752,Oba
14-724-4622,Tagtune
89-134-9717,Ozu
97-055-2756,Janyx
08-912-0895,Meevee
40-436-0171,Gevee
63-492-7603,Brightbean
54-537-5633,Meeveo
35-462-7569,Devpulse
35-042-9391,Rhynyx
27-532-7847,Twitterbeat
46-316-6919,Linktype
64-489-8494,Meevee
75-190-3627,Voomm
99-864-0256,Rhyloo
52-744-6162,Chatterbridge
01-517-7793,Ntags
31-676-5646,Skyndu
58-827-9061,Youfeed
50-050-5707,Twitterbeat
07-809-0926,Pixonyx
96-012-3393,Eamia
39-284-1614,Eimbee
53-247-1844,Centimia
75-536-2986,Eabox
23-052-4744,Devpoint
93-793-4398,Twitterwire
11-005-7835,Podcat
69-378-2045,Brainlounge
24-281-7685,Katz
54-711-1582,Oyoloo
87-546-9674,Dynabox
48-176-1622,Skinix
27-493-6787,Photobug
69-416-9493,Katz
88-108-3774,Gigashots
75-286-4153,Ntag
96-551-3929,Devbug
27-838-4345,Thoughtblab
19-418-7213,Camido
30-438-6295,InnoZ
41-825-5869,Eimbee
52-359-1255,Mycat
86-292-4587,Dabjam
78-092-4768,Pixonyx
04-391-8892,Kanoodle
75-328-1709,Pixope
70-901-6191,Babblestorm
42-080-6579,Wordtune
24-603-5521,Quinu
57-323-8059,Browsezoom
87-570-0273,Blognation
13-475-1009,Eayo
78-726-6352,Youfeed
83-960-5274,Yadel
59-570-2020,Brainverse
17-807-6972,Aibox
98-591-1051,Vitz
03-117-6217,Yakijo
61-424-7670,Yabox
76-870-2139,Jayo
18-682-7828,Wordify
90-718-2724,Youspan
78-381-5054,Zooveo
29-122-7037,Kazu
08-490-1714,Skidoo
55-773-9118,Ozu
70-463-6597,Fadeo
73-069-2753,Skipstorm
70-453-8646,Demimbu
68-836-0350,Skyble
88-615-2915,Flashspan
73-210-4267,Skimia
27-996-8883,Skippad
33-818-4917,Oyondu
34-724-1913,Yodel
80-328-4990,Dazzlesphere
78-787-7171,Quinu
81-292-4650,Voolith
91-492-8216,Midel
30-853-8580,Wikibox
00-023-7719,Kamba
11-445-3951,Quinu
59-968-8346,Katz
49-384-4540,Blogpad
94-903-2643,Devcast
17-123-1252,Jetwire
42-252-5861,Yodo
89-155-3471,Midel
92-830-6986,Topicstorm
87-893-6089,Twitterwire
65-160-1426,Ooba
00-900-0119,Zoonder
65-620-9866,Quatz
85-454-9252,Gevee
40-817-2222,Youfeed
06-708-1412,Skinte
04-726-3363,Linklinks
32-178-2765,Abatz
51-076-1164,Ozu
07-520-1107,Devshare
79-219-8469,Einti
90-447-5123,Trunyx
08-523-5066,Jaxspan
84-941-3034,Mybuzz
41-772-9238,Realmix
49-608-3851,Thoughtmix
26-061-5253,Trupe
49-591-1019,JumpXS
77-471-0792,Tekfly
58-087-3463,Yodo
44-760-4337,Jatri
14-231-9135,Izio
46-041-1131,Photofeed
22-307-4653,Photobug
